id,כותרת,תוכן,מקט,גודל,משקל,זמם אספקה,עלות משלוח,פרטים נוספים,גלריה,קטגוריית מוצרים,עיצוב,ספק,מעצב,צבע,טקסטורה,חומר,ארץ יצור,מיקום,שימוש,מחיר,מחיר מבצע
,"LOFT RUSTY 1,35m",חיפוי חלודה ,FB300LR1350,1350X295X9 mm,"2,18 kg",לפי מלאי במערכת ,250 שח,,"FB300LR1350.jpg,FB300LR1350K,jpg",חיפויים:פנלים פולימרים ,"מודרני,אורבני",יאן ויסוקובסקי,,נחושת,פאטרן,חומרים מורכבים,פולין,,"אקוסטי,מוגן מים",215,
,"WOOD BRANDY 1,35m",חיפוי עץ,FB300WB1350,1350X295X9 mm,"2,18 kg",לפי מלאי במערכת ,250 שח,,"FB300WB1350.jpg,FB300WB1350K.jpg",חיפויים:פנלים פולימרים ,"מודרני,אורבני",יאן ויסוקובסקי,,חום,עץ,חומרים מורכבים,פולין,,"אקוסטי,מוגן מים",215,
,"MARBLE BOTTICINO 1,35m",חיפוי שיש,FB300MB1350,1350X295X9 mm,"2,18 kg",לפי מלאי במערכת ,250 שח,,"FB300MB1350.jpg,FB300MB1350K.jpg",חיפויים:פנלים פולימרים ,"מודרני,אורבני",יאן ויסוקובסקי,,,חלק,חומרים מורכבים,פולין,,"אקוסטי,מוגן מים",215,
,"CONCRETE 1,35m",חיפוי קרשים\בטון,FB300CO1350,1350X295X9 mm,"2,18 kg",לפי מלאי במערכת ,250 שח,,"FB300CO1350.jpg,FB300CO1350K.jpg",חיפויים:פנלים פולימרים ,"מודרני,אורבני",יאן ויסוקובסקי,,"לבן,שחור,אפור",מחוספס,חומרים מורכבים,פולין,,"אקוסטי,מוגן מים",215,
,"SCOTCH 1,35m",חיפוי סקוטי ,FB300SC1350,1350X295X9 mm,"2,18 kg",לפי מלאי במערכת ,250 שח,,"FB300SC1350.jpg,FB300SC1350K.jpg",חיפויים:פנלים פולימרים ,"מודרני,אורבני",יאן ויסוקובסקי,,צבעוני,אורבני,חומרים מורכבים,פולין,,"אקוסטי,מוגן מים",215,
,"STONE ANTHRACITE 1,35m",חיפוי שחור פחם,FB300SA1350,1350X295X9 mm,"2,18 kg",לפי מלאי במערכת ,250 שח,,"FB300SA1350.jpg,FB300SA1350K.jpg",חיפויים:פנלים פולימרים ,"מודרני,אורבני",יאן ויסוקובסקי,,שחור,אורבני,חומרים מורכבים,פולין,,"אקוסטי,מוגן מים",215,
,"STONE MOON 1,35m",חיפוי אבן ירח,FB300MO1350,1350X295X9 mm,"2,18 kg",לפי מלאי במערכת ,250 שח,,"FB300MO1350.jpg,FB300MO1350K.jpg",חיפויים:פנלים פולימרים ,"מודרני,אורבני",יאן ויסוקובסקי,,אפור,אורבני,חומרים מורכבים,פולין,,"אקוסטי,מוגן מים",215,
,"STONE MISTY 1,35m",חיפוי לבן מעונן,FB300SM1350,1350X295X9 mm,"2,18 kg",לפי מלאי במערכת ,250 שח,,"FB300SM1350.jpg,FB300SM1350K.jpg",חיפויים:פנלים פולימרים ,"מודרני,אורבני",יאן ויסוקובסקי,,לבן,פארטן,חומרים מורכבים,פולין,,"אקוסטי,מוגן מים",215,
,"STONE IVORY 1,35m",חיפוי לבן,FB300SI1350,1350X295X9 mm,"2,18 kg",לפי מלאי במערכת ,250 שח,,"FB300SI1350.jpg,FB300SI1350K.jpg",חיפויים:פנלים פולימרים ,"מודרני,אורבני",יאן ויסוקובסקי,,לבן,פארטן,חומרים מורכבים,פולין,,"אקוסטי,מוגן מים",215,
,"LOFT CONCERTE 1,35m",חיפוי בטון,FB300LC1350,1350X295X9 mm,"2,18 kg",לפי מלאי במערכת ,250 שח,,"FB300LC1350.jpg,FB300LC1350K.jpg",חיפויים:פנלים פולימרים ,"מודרני,אורבני",יאן ויסוקובסקי,,אפור,פאטרן,חומרים מורכבים,פולין,,"אקוסטי,מוגן מים",215,
,"STONE MISTY 2,7m",חיפוי לבן מעונן,FB300SM2700,2700X295X9 mm,"4,35 kg",לפי מלאי במערכת ,300 שח,,"FB300SM2700.jpg,FB300SM2700K.jpg",חיפויים:פנלים פולימרים ,"מודרני,אורבני",יאן ויסוקובסקי,,לבן,פאטרן,חומרים מורכבים,פולין,,"אקוסטי,מוגן מים",210,
,"STONE ANTHRACITE 2,7m",חיפוי שחור פחם,FB300SA2700,2700X295X9 mm,"4,35 kg",לפי מלאי במערכת ,300 שח,,"FB300SA2700.jpg,FB300SA2700K.jpg",חיפויים:פנלים פולימרים ,"מודרני,אורבני",יאן ויסוקובסקי,,שחור,אורבני,חומרים מורכבים,פולין,,"אקוסטי,מוגן מים",210,
,"SCOTCH 2,7m",חיפוי סקוטי ,FB300SC2700,2700X295X9 mm,"4,35 kg",לפי מלאי במערכת ,300 שח,,"FB300SC2700.jpg,FB300SC2700K.jpg",חיפויים:פנלים פולימרים ,"מודרני,אורבני",יאן ויסוקובסקי,,צבעוני,מחוספס,חומרים מורכבים,פולין,,"אקוסטי,מוגן מים",210,
,"CONCRETE 2,7m",חיפוי קרשים\בטון,FB300CO2700,2700X295X9 mm,"4,35 kg",לפי מלאי במערכת ,300 שח,,"FB300CO2700.jpg,FB300CO2700K.jpg",חיפויים:פנלים פולימרים ,"מודרני,אורבני",יאן ויסוקובסקי,,"לבן,שחור,אפור",מחוספס,חומרים מורכבים,פולין,,"אקוסטי,מוגן מים",210,
,"STONE IVORY 2,7m",חיפוי לבן ,FB300SI2700,2700X295X9 mm,"4,35 kg",לפי מלאי במערכת ,300 שח,,"FB300SI2700.jpg,FB300SI2700K.jpg",חיפויים:פנלים פולימרים ,"מודרני,אורבני",יאן ויסוקובסקי,,לבן,פאטרן,חומרים מורכבים,פולין,,"אקוסטי,מוגן מים",210,
,"ART 2,7m",חיפוי אומנות תמונה,FB300AR2700,2700X295X9 mm,"4,35 kg",לפי מלאי במערכת ,300 שח,,"FB300AR2700.jpg,FB300AR2700k.jpg",חיפויים:פנלים פולימרים ,"מודרני,אורבני",יאן ויסוקובסקי,,"לבן,שחור,אפור",מחוספס,חומרים מורכבים,פולין,,"אקוסטי,מוגן מים",230,
